{"cameraMode":{"drawMode":0,"name":"Shaded","section":"Shading Mode"},"sceneLighting":true,"audioPlay":false,"sceneViewState":{"showFog":true,"showMaterialUpdate":false,"showSkybox":true,"showFlares":true,"showImageEffects":true,"showParticleSystems":true},"in2DMode":false,"pivot":{"x":0.19628572463989259,"y":-1.1134042739868165,"z":0.7330751419067383},"rotation":{"x":-0.11856934428215027,"y":0.8743122816085815,"z":-0.26788130402565,"w":-0.3869871199131012},"size":9.550000190734864,"orthographic":false}